file,folder
15843999703_2423e96bd6_o.jpg,airliner
1425035835_6a34f94a26_o.jpg,chihuahua
26376462748_9b7fa4b443_o.jpg,chihuahua
3203047344_8ff3d15f88_o.jpg,chihuahua
16545377701_3fd5cca5fb_o.jpg,chihuahua
8233662249_625494c120_o.jpg,church
8477647595_f3d0b758f7_o.jpg,airliner
3434646179_5b1e9d3e49_o.jpg,church
15960062828_538f0f9e39_o.jpg,chihuahua
7617390754_75d38008cb_o.jpg,airliner
11754485183_1b697acd0d_o.jpg,airliner
8433071382_4d64a39d4c_o.jpg,violin
15722275729_9229318514_o.jpg,church
14520686827_8a10d34035_o.jpg,airliner
16518924203_9062f193db_o.jpg,church
3515997161_3cb6c807f2_o.jpg,tabby
4463065453_041beed7a3_o.jpg,arabian
6974131876_472044ce8a_o.jpg,airliner
25299098883_62852f1cdb_o.jpg,airliner
15239087005_55478d5b3f_o.jpg,chihuahua
13927978152_f5e53bdbd6_o.jpg,airliner
5258758544_9d77d4e252_o.jpg,german
615912163_36427a1cdb_o.jpg,laptop
15191519660_1a98fc8ed5_o.jpg,church
14771820449_4dc3fe30ef_o.jpg,airliner
3931791545_b4127dab07_o.jpg,airliner
4831275371_4ee407df9d_o.jpg,chihuahua
5428657406_4233500280_o.jpg,church
19580230278_67825273f2_o.jpg,violin
9772904702_b4f87144e9_o.jpg,airliner
16201234911_2f47cc2f87_o.jpg,german
4358896867_8298332122_o.jpg,laptop
3486467483_345ff574a9_o.jpg,chihuahua
21174304131_515a3ef7db_o.jpg,airliner
356923840_6264377db9_o.jpg,laptop
6043978821_7ced42efe0_o.jpg,german
7179429699_b9dd027d1d_o.jpg,church
5509497910_a72b761ce7_o.jpg,violin
160570428_2040c5298b_o.jpg,violin
3660675742_a5c7bb0f87_o.jpg,church
3734970461_ba28536632_o.jpg,german
8992158639_329ae50609_o.jpg,airliner
15900051968_9fe10cb162_o.jpg,airliner
3182992751_cb4778a35f_o.jpg,chihuahua
6043775397_e29341d535_o.jpg,acoustic
4112317638_37aed2a802_o.jpg,violin
2037444365_83ed89e427_o.jpg,laptop
8397706906_fe4d96a3a9_o.png,airliner
211079993_c9e9a3508d_o.jpg,german
26490580715_8b25c6b279_o.jpg,violin
6420453001_aedb3ae901_o.jpg,church
16924066487_87b9225123_o.jpg,chihuahua
145039929_c699b8f866_o.jpg,german
4154007682_bec2b9302d_o.jpg,violin
4298336928_ecdc69e97f_o.jpg,church
8483348260_940e694c71_o.jpg,airliner
36156629280_1bc82041c9_o.jpg,violin
755783856_00015f0cbf_o.jpg,chihuahua
4045054988_a6d7519ebc_o.jpg,violin
2333252072_90f7fed6f4_o.jpg,chihuahua
15258201813_835963bd23_o.jpg,laptop
29596000666_e9ef703d3b_o.jpg,arabian
15887480459_1a712fb034_o.jpg,airliner
2871617543_511ae75e7f_o.jpg,tabby
3740244877_40dab05fb0_o.jpg,church
8696238085_2ab9e29540_o.jpg,violin
6217868359_80e0cb13ee_o.jpg,violin
4391718775_fe669f8809_o.jpg,violin
15653333814_69c3d64277_o.jpg,tabby
4367806120_a4fcb78b0a_o.jpg,airliner
3664950812_c84e4f5cf7_o.jpg,church
15893039520_a411beee9c_o.jpg,airliner
1849087666_76f8bb6b7a_o.jpg,tabby
2743195944_2160e8908c_o.jpg,chihuahua
22562660091_da290e3916_o.jpg,airliner
2523779943_3ee0152a80_o.jpg,church
15515960135_91bbf06268_o.jpg,church
3970268741_d264cfa0ae_o.jpg,german
8558765148_432d781a9e_o.jpg,violin
4544123402_e4a6b52f6f_o.jpg,church
2695860517_c128066703_o.jpg,tabby
6743846027_9844041f0c_o.jpg,violin
25807055522_9a8fe3f2f0_o.jpg,airliner
11123420286_9cf9721393_o.jpg,tabby
479707595_92cc963671_o.jpg,church
4325071024_647817b1e6_o.jpg,chihuahua
5294388361_7c68196852_o.jpg,tabby
238399657_2cab047e27_o.jpg,violin
6657212385_25823c85e8_o.jpg,violin
15868954298_9d9a8a83bb_o.jpg,airliner
6655341135_c4ae1acb70_o.jpg,airliner
8626656065_6f28431dd7_o.jpg,airliner
4372275167_e8a46899ef_o.jpg,tabby
4983939846_27f122c8df_o.jpg,german
6925826352_656abb795f_o.jpg,tabby
16026555049_5d8c35cce9_o.jpg,chihuahua
5588448764_2e04bfb223_o.jpg,german
2446542649_48ae4f4935_o.jpg,chihuahua
27623575282_230666f154_o.jpg,airliner
5436368461_c5112d569e_o.jpg,airliner
15855819330_84e13ee497_o.jpg,airliner
4478621675_79e7d97085_o.jpg,violin
3546845156_3125c87e58_o.jpg,violin
13781091543_9266238c46_o.jpg,airliner
5936809229_8668fb50da_o.jpg,violin
2154903719_6bccd8dbb5_o.jpg,laptop
4674510583_3f7717e8d2_o.jpg,violin
2399080353_f8b0a292b3_o.jpg,chihuahua
2233407254_a391ab5c5d_o.jpg,chihuahua
5285254759_511bec0525_o.jpg,chihuahua
8477647551_91569a35f0_o.jpg,airliner
119690924_a1912f7c24_o.jpg,laptop
16512824219_e79b2846bf_o.jpg,airliner
1343073542_808b3222c1_o.jpg,arabian
26242186753_f9dee7a8ba_o.jpg,airliner
819919646_bd61c991e4_o.jpg,chihuahua
5919002701_b9a095db02_o.jpg,church
666268314_4ae1c742e2_o.jpg,laptop
4975912121_6bba5af9cf_o.jpg,church
16077341931_fda614f077_o.jpg,airliner
32400626261_8bd8c77941_o.jpg,church
5751348305_c398254a72_o.jpg,chihuahua
22548347427_8a8cdf8af2_o.jpg,airliner
14637247056_b09b4b8377_o.jpg,airliner
25147037172_4fd952201b_o.jpg,chihuahua
15259477430_7ac3a2a617_o.jpg,airliner
4381543330_feebd038fa_o.jpg,church
15887678936_2bd0b7afd3_o.jpg,tabby
10650461226_be349fdc82_o.jpg,airliner
15817226878_8cf4021767_o.jpg,airliner
15570372842_9a347b82f1_o.jpg,church
4412791148_c3f487a146_o.jpg,violin
8406206235_978d08a80d_o.jpg,chihuahua
3162332912_27248ca5b2_o.jpg,violin
15973572821_d1272d6db9_o.jpg,airliner
26554510796_04780d8216_o.jpg,violin
5729719638_a77ecb3539_o.jpg,church
1384091526_7efb61d0f5_o.jpg,tabby
52062370_6ea54397d1_o.jpg,laptop
2412484421_151951684a_o.jpg,church
4694442386_e3f4c975b3_o.jpg,chihuahua
8218452088_0488da09a2_o.jpg,chihuahua
20471595503_19bd1925c8_o.jpg,german
338682343_53377501fc_o.jpg,laptop
211962450_317eda6dbc_o.jpg,church
6452977337_4bdb24678b_o.jpg,tabby
5934033592_169ea9cde3_o.jpg,chihuahua
6736400747_f4921e0c86_o.jpg,church
14004545453_d09a749f41_o.jpg,church
30523510842_1f7d33c293_o.jpg,airliner
268281342_2117a41a98_o.jpg,german
4463744895_74a7168ff8_o.jpg,violin
3971801573_4393163307_o.jpg,arabian
3550783104_a03016ec88_o.jpg,acoustic
16331340246_bf1ff2b056_o.jpg,church
32627698761_c1249b7384_o.jpg,arabian
25105514676_0222328769_o.jpg,chihuahua
7213958476_e7b90ced98_o.jpg,tabby
1473129126_fe81bc138a_o.jpg,german
25009433766_bf9be1b8f7_o.jpg,tabby
3963017378_e07e93ef2b_o.jpg,violin
8482256561_351291b381_o.jpg,airliner
8435839882_fde7d3d7ee_o.jpg,airliner
1604995118_b72a35340e_o.jpg,airliner
7716638402_431086bcb6_o.jpg,violin
4383198500_5bc8156bde_o.jpg,chihuahua
14336493991_813c967804_o.jpg,tabby
2119521895_9e2d31942b_o.jpg,laptop
5253238703_3b1ea7cf18_o.jpg,laptop
14908416264_db0cfdaf62_o.jpg,church
7186335251_e9f7a1c8cd_o.jpg,church
2711996724_5acf8b9b67_o.jpg,tabby
109877767_ff8f921b95_o.jpg,violin
25945302155_1cfc0348f4_o.jpg,tabby
12033135565_14ba4d9c95_o.jpg,acoustic
3544718938_1aba2af9b8_o.jpg,tabby
14885461095_cf4601fd1b_o.jpg,airliner
20905855319_6de23c7ce8_o.jpg,german
4457352448_05d4842742_o.jpg,church
2867200945_3dcfafbf2a_o.jpg,acoustic
4286813402_2d04f19b7e_o.jpg,tabby
40651833692_320e1f7fe1_o.jpg,violin
5575797045_b001bbd38b_o.jpg,tabby
2728346341_5d3f558599_o.jpg,tabby
15877153850_7cc5036209_o.jpg,airliner
5713936855_dd3b78f62f_o.jpg,airliner
2576693206_1a0a3edda3_o.jpg,chihuahua
84616549_38d52c18ed_o.jpg,laptop
6223870256_9684687f69_o.jpg,church
16207900775_a633b08477_o.jpg,tabby
8122565766_2b3693a239_o.jpg,chihuahua
8654045729_c135a1eb83_o.jpg,airliner
15641279496_876c35a731_o.jpg,chihuahua
5738453349_b589e63ebe_o.jpg,tabby
16055713082_69cfd1c46b_o.jpg,airliner
2917219361_a41c3a0c34_o.jpg,violin
32863514826_8325ca4892_o.jpg,church
4671713794_731e09c8ee_o.jpg,violin
5683266161_5c5fb4fc19_o.jpg,church
9301802236_2f396faf56_o.jpg,german
15950882796_f33a635502_o.jpg,airliner
3904701630_79021d4e7e_o.jpg,airliner
6010304316_7072277d52_o.jpg,church
5313773329_8545c12cda_o.jpg,tabby
5158873164_109e1899df_o.jpg,german
6656021333_f24386cf61_o.jpg,church
2855172024_fcaec18303_o.jpg,german
8317338619_8936c5668b_o.jpg,violin
2518719082_dec1bb62f6_o.jpg,tabby
5350350694_cd057f48d5_o.jpg,chihuahua
25627224940_ce437c6c95_o.jpg,airliner
10235901325_5071471abe_o.jpg,church
26376607548_edccc08d37_o.jpg,chihuahua
7822496864_c9b7578c0b_o.jpg,church
1440186557_6833c553e0_o.jpg,church
22193968990_5feeba0e56_o.jpg,airliner
8573145136_2500d95e27_o.jpg,church
32230184741_38a4ce293c_o.jpg,german
6064996427_9c1b973dfb_o.jpg,church
5657753565_582418c30d_o.jpg,airliner
32420374691_896a170778_o.jpg,airliner
8853630714_21786844b7_o.jpg,chihuahua
60113299_f80aca1d24_o.jpg,chihuahua
27690950216_20cb6876da_o.jpg,church
3101280990_7d5132e777_o.jpg,chihuahua
3986717665_b75a7b54b5_o.jpg,violin
6815035193_e65311e957_o.jpg,tabby
2339481262_9b28130275_o.jpg,tabby
13966697923_f3a74a8c3d_o.jpg,airliner
20325515129_43b2e9aaaf_o.jpg,chihuahua
15319770926_a1722f68d1_o.jpg,church
3958120507_71be317efa_o.jpg,tabby
8450040719_dd91920d75_o.jpg,airliner
25239992795_510490c4bd_o.jpg,airliner
2350804818_42cb6963f1_o.jpg,chihuahua
6824877827_4ca07c52ce_o.jpg,german
4124470423_b5d02a583f_o.jpg,church
32024977393_5c1842b82c_o.jpg,acoustic
2517546883_433a329128_o.jpg,chihuahua
3586896323_630675d57b_o.jpg,chihuahua
224039495_a0713c10d4_o.jpg,german
15382365484_f61e5aea4c_o.jpg,airliner
3722422954_4e310ac2d2_o.png,chihuahua
3649054695_2494177719_o.jpg,chihuahua
1542220015_cce653faea_o.jpg,airliner
230244420_8857c2bed7_o.jpg,german
5466168874_b3bd71b37b_o.jpg,acoustic
2787682906_f60b2fe69c_o.jpg,german
15938761876_f2b6438aaa_o.jpg,violin
18533102306_1c3626ab01_o.jpg,arabian
5853560876_4882d6fdab_o.jpg,tabby
6089841436_b4722f4423_o.jpg,tabby
5540693435_6278183be8_o.jpg,chihuahua
2900445674_2fcb12453b_o.jpg,german
306864929_c7a5351ebb_o.jpg,church
6261294277_b46c2c571a_o.jpg,tabby
4508384255_bea7978639_o.jpg,violin
37109776043_fb86431426_o.jpg,church
3074302786_0bcef738fb_o.jpg,german
25807035782_11afdabddb_o.jpg,airliner
15200398154_3099e4ed51_o.jpg,airliner
20054746373_c07156ab3c_o.jpg,airliner
13712466984_807c8e6b4d_o.jpg,airliner
28385331915_16bd0e940b_o.jpg,airliner
4399876680_fa3b2c7a89_o.jpg,acoustic
11708063913_5edf0f01e8_o.jpg,airliner
5658328514_74033a5c93_o.jpg,airliner
3671400542_bdc1bc93fc_o.jpg,tabby
25807072452_38eacaaf72_o.jpg,airliner
349866291_4cd646d947_o.jpg,laptop
4325411693_439d4fb95b_o.jpg,chihuahua
15359533752_78c5523406_o.jpg,airliner
22985089386_d8685b944d_o.jpg,chihuahua
5455086089_593391b24f_o.jpg,chihuahua
3211240340_08a8780996_o.jpg,laptop
7844733910_955abea7ba_o.jpg,church
2401371232_55b19d7faf_o.jpg,tabby
440249245_27e5fc2f2f_o.jpg,laptop
31511822062_dece95eccf_o.jpg,airliner
30551988041_cdcac15ffd_o.jpg,airliner
4412023435_734a66bf6e_o.jpg,violin
4158516358_4658a4c2f0_o.jpg,chihuahua
40412184490_e5ab6bc35c_o.jpg,tabby
29050764636_9f831bc55f_o.jpg,airliner
16491287939_d70b628f20_o.jpg,violin
15949796486_4ab0c3e008_o.jpg,airliner
15908147709_69bdca6e68_o.jpg,airliner
4822132942_ff7792a505_o.jpg,tabby
2293561108_0865324750_o.jpg,airliner
3638555473_b6c49c6646_o.jpg,chihuahua
7744739392_4391d4d01f_o.jpg,tabby
6108769461_34f49bd128_o.jpg,church
8209967979_1aa25e2dc5_o.jpg,tabby
3535924150_c6efdcf5dd_o.jpg,tabby
9289154776_83850c442d_o.jpg,church
4570023293_dcd82d90dc_o.jpg,church
2539348246_1937554a2a_o.jpg,airliner
2190221645_4b5978f975_o.jpg,violin
6200036586_8090edabf9_o.jpg,chihuahua
13646245233_76a9c4e40f_o.jpg,acoustic
15919698571_e86c835fca_o.jpg,airliner
3290688765_585c8e0c4a_o.jpg,tabby
36511950852_12385140c4_o.jpg,violin
9298282117_9b46f49c2d_o.jpg,acoustic
7617391540_4fd494b961_o.jpg,airliner
15359536502_d7e73f0351_o.jpg,airliner
3002107284_e341559b11_o.jpg,tabby
15327707599_84e49c7332_o.jpg,airliner
2600726548_5e6c46042a_o.jpg,church
15259475540_c467b1d09a_o.jpg,airliner
33489470604_e76924b9a4_o.jpg,violin
2917221033_dcc67eee06_o.jpg,violin
38067783776_f4b85f2697_o.jpg,church
4948701959_9eeae714e6_o.jpg,church
4218397368_7eeb55ca79_o.jpg,church
28515531471_38e6ebb356_o.jpg,airliner
21092665315_6ab8fc6b2f_o.jpg,german
3588208486_136e6ed36f_o.jpg,tabby
15002789653_2cbefae33e_o.jpg,tabby
2042946148_ed38ec8f4e_o.jpg,tabby
3925441627_cd7149ef8b_o.jpg,acoustic
2556923038_348521a91e_o.jpg,chihuahua
11754477983_3eecc2943c_o.jpg,airliner
9224933751_abfc85e721_o.jpg,chihuahua
510523068_be3e28cefc_o.jpg,german
13942231620_349bf9822e_o.jpg,airliner
15445832892_eb930b74a2_o.jpg,airliner
25329499148_17887024f3_o.jpg,violin
6010775432_397274c29d_o.jpg,church
15564192784_63a16b5d86_o.jpg,church
13640788213_4a3ba90cf5_o.jpg,airliner
12548089955_7c81839c29_o.jpg,church
8025103461_34fc4cab96_o.jpg,violin
1322285840_13371404fb_o.jpg,airliner
15328032317_dc70c0dd95_o.jpg,airliner
2519663355_b52f2ddb0b_o.jpg,violin
11708063423_81a066c484_o.jpg,airliner
8483348628_c8a8f30cb2_o.jpg,airliner
6084288722_d16ffd5d9c_o.jpg,chihuahua
15299422294_aff9ce108f_o.jpg,airliner
28256704140_f4d7341613_o.jpg,airliner
8582651509_493d7eb136_o.jpg,tabby
3348990170_60046c2230_o.jpg,tabby
25436231227_55f000eeb4_o.jpg,tabby
4910904277_2bb3becf68_o.jpg,chihuahua
18224976882_a65a9f7040_o.jpg,airliner
25832884351_5bbf19654a_o.jpg,airliner
524804108_ed527df559_o.jpg,laptop
475252798_beb7334443_o.jpg,church
7150475617_fc4d335aa2_o.jpg,violin
3366463221_a18bf8d0c2_o.jpg,violin
6005805851_e258f7b156_o.jpg,german
32303624116_7ec05a2538_o.jpg,airliner
9885418994_d976c98902_o.jpg,chihuahua
3893025842_84336a28df_o.jpg,church
15591565841_7e05a81ce9_o.jpg,airliner
5883758913_e6aa0b6c66_o.jpg,violin
8482257329_6264ac1edc_o.jpg,airliner
3202179822_21c47e0dae_o.jpg,laptop
8341151185_28c30d90ca_o.jpg,airliner
4956603481_10ea42bea8_o.jpg,violin
4918957798_0576d82292_o.jpg,violin
19688256115_b125818ec9_o.jpg,airliner
2663901086_c55d075a2e_o.jpg,tabby
31974731330_f3dfe2c393_o.png,german
25901948196_cc6a2dd72c_o.jpg,airliner
3477728065_073c798d42_o.jpg,violin
6320704348_ae5c484443_o.jpg,tabby
37124855575_f102cf470c_o.jpg,acoustic
8347982730_392bed983e_o.jpg,violin
6020524728_4be75c29cf_o.jpg,violin
383986829_65a6911ce9_o.jpg,german
6181962617_ceec6c5f97_o.jpg,airliner
6294614020_d8a95bfc2b_o.jpg,airliner
332070599_1eef2b4ef9_o.jpg,chihuahua
982889757_b532c104cd_o.jpg,arabian
15407611529_187bcfe9f5_o.jpg,airliner
8341153351_8308d717b0_o.jpg,airliner
18254689212_70d0c78053_o.jpg,chihuahua
6142784007_3e88508441_o.jpg,church
7973800050_dd9f443c0c_o.jpg,acoustic
4156472338_b52158b112_o.jpg,chihuahua
3796999398_61428da568_o.jpg,airliner
2037759663_c7eb1d127d_o.jpg,laptop
16092311371_e73944b4f4_o.jpg,airliner
21542065289_9e340c31f2_o.jpg,airliner
36314552682_476e854e6c_o.jpg,church
2745432488_20e551504d_o.jpg,tabby
6821399527_660fb62525_o.jpg,violin
966095638_d592823b88_o.jpg,laptop
6949627912_374cedcd6a_o.jpg,church
4020061139_683f3c7e17_o.jpg,violin
4592385194_97bbbd20f6_o.jpg,tabby
16965378756_b40cc985dd_o.jpg,arabian
155096186_4fdfed77c9_o.jpg,laptop
25728448668_be9a99dc21_o.jpg,tabby
3897697352_148651558d_o.jpg,tabby
16086736232_a467ccac17_o.jpg,airliner
13433039245_d0482ca360_o.jpg,airliner
15259413189_9d17a91027_o.jpg,airliner
15640165993_7fdf0c448e_o.jpg,violin
16704263663_b97dcceee2_o.jpg,church
6941869235_2ec8f483fb_o.jpg,violin
16149882432_f8507e5355_o.jpg,tabby
11231046476_bb82514693_o.jpg,tabby
13433154473_5b3c8dd57e_o.jpg,airliner
13438327003_65ca1bfed6_o.jpg,tabby
3079598261_1b3a7b3506_o.jpg,tabby
1631324775_9d8f5326a0_o.jpg,violin
8332375488_51dfea445a_o.jpg,tabby
22469907981_5c48cd1c8b_o.jpg,airliner
2437948580_8547b49bea_o.jpg,acoustic
13433154703_86062cfce4_o.jpg,airliner
28685186346_4257da949c_o.jpg,airliner
3262794438_9495a31cfa_o.jpg,tabby
14408636298_ab75c441e9_o.jpg,violin
4276369278_714f878280_o.jpg,acoustic
9515837684_0a2fe99fe8_o.jpg,violin
12640641345_461bc32408_o.jpg,airliner
3671303583_4c5ace8de9_o.jpg,laptop
15580699544_c7ab6c247f_o.jpg,german
29268609962_56a1ba48f7_o.jpg,chihuahua
15144888642_1b3f8d878d_o.jpg,chihuahua
56216585_853e6b9f84_o.jpg,laptop
20784260370_a8c594ef30_o.jpg,chihuahua
7397079064_089feba75f_o.jpg,church
14698798040_1e70b8b055_o.jpg,airliner
4141887002_aa060644f7_o.jpg,church
32199966922_89376a0764_o.jpg,german
3002107842_89538e77ee_o.jpg,tabby
1556046617_f8a715e2cf_o.jpg,chihuahua
16054452171_31543276de_o.jpg,airliner
15436753483_60a225579b_o.jpg,airliner
33996916835_b10f6e2ddd_o.jpg,arabian
2600360023_9259c9a5da_o.jpg,airliner
26796412446_0372543f65_o.jpg,airliner
3242986956_8dfa305ece_o.jpg,tabby
32971735046_68bd585038_o.jpg,arabian
3895044246_e366c8e6fc_o.jpg,chihuahua
11514630585_74f4c5e184_o.jpg,airliner
30008851164_d04bb127bf_o.jpg,airliner
9008104042_d2efbb9f92_o.jpg,church
96380377_0c42619ac8_o.jpg,tabby
8379307652_8b79d79734_o.jpg,chihuahua
7979195432_c4b6f02089_o.jpg,church
16984566647_e3e8613b37_o.jpg,church
9154079011_3cf90edc0b_o.jpg,laptop
8434755771_960a1e9572_o.jpg,airliner
5644424119_e82827f65b_o.jpg,violin
15511460411_4091ba060e_o.jpg,airliner
3671596981_d60db0196a_o.jpg,chihuahua
11754223025_f763772dbc_o.jpg,airliner
8948830252_c14fd1b868_o.jpg,airliner
5329240670_6aa7c717ec_o.jpg,german
15834531807_fda3fbeb5a_o.jpg,airliner
2114088242_fbe50db702_o.jpg,chihuahua
112568527_4afd965e6d_o.jpg,chihuahua
9283146995_54ed5a62d1_o.jpg,acoustic
4872078627_258480963e_o.jpg,violin
32581232754_2eabdaf361_o.jpg,chihuahua
5837554812_2d7fe2acb9_o.jpg,acoustic
15327706639_60903a963b_o.jpg,airliner
2226631107_448007dea6_o.jpg,chihuahua
33230650563_cdf929a018_o.jpg,german
15445834762_5f3598fd05_o.jpg,airliner
3478992442_58ea1fb8f2_o.jpg,tabby
15511464761_0122fec36a_o.jpg,airliner
16566736756_a77d2b0af1_o.jpg,german
7357546886_5f5a74b67e_o.jpg,tabby
3774078190_d94066a953_o.jpg,chihuahua
6321312737_8b39bbb94d_o.jpg,church
7262858614_8f351b9046_o.jpg,violin
6045906104_d1fe4b1a63_o.jpg,laptop
8397120543_0dbac0a5e5_o.jpg,airliner
33426970736_5ff7c474d7_o.jpg,violin
20904768328_4f1d6d42b9_o.jpg,german
13951537784_c876d2d9a4_o.jpg,airliner
9738762533_4674aa07b6_o.jpg,church
2097670943_87680e3255_o.jpg,chihuahua
33518818093_e1cb903449_o.jpg,german
2265604306_931cb463ce_o.jpg,airliner
9352137527_48cd85552c_o.jpg,airliner
4665277924_7e64ab4c85_o.jpg,tabby
6084054575_37f9754bb9_o.jpg,violin
15864741440_34da6b0ff9_o.jpg,church
84386307_b46b212c3f_o.jpg,laptop
5913696780_372db5bb76_o.jpg,chihuahua
5204218091_8afe5cb8b2_o.jpg,church
4421669839_d53bdb7d6e_o.jpg,chihuahua
4111963443_00a8a07a0f_o.jpg,chihuahua
4979151636_f44d806992_o.jpg,tabby
2804541482_8a0ba605d9_o.jpg,airliner
5751344477_57961dc1d7_o.jpg,chihuahua
5401374110_2b5fe35199_o.jpg,church
15336834826_c39f7f6e8a_o.jpg,airliner
4211644178_b95423e12c_o.jpg,tabby
4478247239_acde230039_o.jpg,violin
2682419581_131622c619_o.jpg,german
3536999722_ebb77152bd_o.jpg,chihuahua
16086736342_6c8b279d07_o.jpg,airliner
25832864171_19b23d950d_o.jpg,airliner
1405312273_b857d6eff9_o.jpg,laptop
14657313749_f338829d78_o.jpg,airliner
952762643_5fcff16fe0_o.jpg,violin
6171535593_f608f04a71_o.jpg,violin
7099524429_6f8dc1705b_o.jpg,church
303354412_1354f75b97_o.jpg,laptop
7228900796_cbee4a8277_o.jpg,acoustic
109443289_b3edb30465_o.jpg,laptop
15443002721_ae7295aef8_o.jpg,airliner
27300043785_7381129d00_o.jpg,airliner
16017323056_22afcd1a45_o.jpg,airliner
2444684387_5bd51f7701_o.jpg,airliner
5535788248_cf15142694_o.jpg,church
1477883318_a27145e085_o.jpg,airliner
8359571050_f9a56e6e99_o.jpg,violin
6177927814_94fa1403e0_o.jpg,church
5053549636_b90c15cca7_o.jpg,chihuahua
15259618327_7a0e3c3ac1_o.jpg,airliner
14334443880_9e9f1bb908_o.jpg,tabby
68886418_29d57ed236_o.jpg,laptop
5140984552_1c4b05214b_o.jpg,chihuahua
5473074534_7e012d5880_o.jpg,laptop
8120903308_6527845a06_o.jpg,church
2803523321_1e2a8ffefd_o.jpg,violin
38851691005_a7a46705a3_o.jpg,tabby
2938043433_324dea258d_o.jpg,tabby
3231813179_bddc80a501_o.jpg,violin
2344176829_7df1d61e13_o.jpg,tabby
9773154773_6fd03b72b0_o.jpg,airliner
8482257535_9abe2055b2_o.jpg,airliner
6706122093_9d02958a0c_o.jpg,violin
3127452941_3b33e4fe9d_o.jpg,laptop
5530350094_864d335787_o.jpg,violin
28908585151_0f50bb5319_o.jpg,airliner
20089318335_84f439bcfd_o.jpg,airliner
4915785653_08cb3064e7_o.jpg,airliner
4416350747_c138cbc07a_o.jpg,airliner
2854674429_66b38c96c2_o.jpg,chihuahua
34442615_d709d1a2e0_o.jpg,violin
3079195298_cfc244e547_o.jpg,chihuahua
445008625_6bf90cba75_o.jpg,laptop
16066105308_9e27af832f_o.jpg,church
8483684628_f4ffbf647b_o.jpg,tabby
7127511309_fb7022f7c5_o.jpg,violin
8392655214_785d22e127_o.jpg,tabby
15332170065_fa8481a0a0_o.jpg,airliner
2939498656_673da6572a_o.jpg,tabby
2573773860_8e86a122cb_o.jpg,tabby
14064751878_4df3abf747_o.jpg,airliner
6033007906_861da84588_o.jpg,laptop
15083005650_7a761f80f1_o.jpg,church
15259415419_0c9b6b668e_o.jpg,airliner
3537623027_c64d69508f_o.jpg,tabby
6128965234_bbc454c115_o.jpg,german
31244353672_ba2093a494_o.jpg,airliner
493057374_95efd22d4a_o.jpg,laptop
8042793937_e9b2d712e7_o.jpg,church
16282221943_3072a6d9d5_o.jpg,violin
7054815953_9fda57db3b_o.jpg,church
3276601322_27e2590346_o.jpg,violin
5907446537_bbb02b39dc_o.jpg,laptop
27344994095_149b94420f_o.jpg,airliner
13433402814_9c6dd7ef74_o.jpg,airliner
3309463217_319cb49836_o.jpg,tabby
3216235938_a26a6f1567_o.jpg,violin
9683242016_e8f9af5f34_o.jpg,church
2417256829_886bf41e29_o.jpg,violin
12098053775_090a1b36cc_o.jpg,church
3862575456_89084ce644_o.jpg,violin
18772685653_b4c5edcdea_o.jpg,acoustic
274864758_57e4de5200_o.jpg,laptop
32468511506_8397d45fbd_o.jpg,acoustic
20842727516_fcb7da72a8_o.jpg,chihuahua
10155271865_898cfcf33f_o.jpg,violin
6174448704_c56232bfa9_o.jpg,chihuahua
14213965662_03226de5d9_o.jpg,tabby
5312838126_82b21ffa9a_o.jpg,acoustic
